"","x"
"-- --",0
"-A --",0
"-C --",0
"-G --",0
"-T --",0
"A- --",0
"AA --",35
"AC --",47
"AG --",24
"AT --",32
"C- --",0
"CA --",40
"CC --",23
"CG --",26
"CT --",16
"G- --",0
"GA --",26
"GC --",32
"GG --",22
"GT --",20
"T- --",0
"TA --",13
"TC --",16
"TG --",28
"TT --",27
"-- -A",0
"-A -A",0
"-C -A",0
"-G -A",0
"-T -A",0
"A- -A",0
"AA -A",0
"AC -A",0
"AG -A",0
"AT -A",0
"C- -A",0
"CA -A",0
"CC -A",0
"CG -A",22
"CT -A",0
"G- -A",0
"GA -A",0
"GC -A",0
"GG -A",0
"GT -A",0
"T- -A",0
"TA -A",0
"TC -A",0
"TG -A",21
"TT -A",0
"-- -C",0
"-A -C",0
"-C -C",0
"-G -C",0
"-T -C",0
"A- -C",0
"AA -C",0
"AC -C",0
"AG -C",0
"AT -C",22
"C- -C",0
"CA -C",0
"CC -C",0
"CG -C",0
"CT -C",0
"G- -C",0
"GA -C",0
"GC -C",0
"GG -C",0
"GT -C",8
"T- -C",0
"TA -C",0
"TC -C",0
"TG -C",0
"TT -C",0
"-- -G",0
"-A -G",0
"-C -G",0
"-G -G",0
"-T -G",0
"A- -G",0
"AA -G",0
"AC -G",0
"AG -G",0
"AT -G",0
"C- -G",0
"CA -G",18
"CC -G",0
"CG -G",0
"CT -G",0
"G- -G",0
"GA -G",0
"GC -G",0
"GG -G",0
"GT -G",0
"T- -G",0
"TA -G",19
"TC -G",0
"TG -G",0
"TT -G",0
"-- -T",0
"-A -T",0
"-C -T",0
"-G -T",0
"-T -T",0
"A- -T",0
"AA -T",0
"AC -T",17
"AG -T",0
"AT -T",0
"C- -T",0
"CA -T",0
"CC -T",0
"CG -T",0
"CT -T",0
"G- -T",0
"GA -T",0
"GC -T",18
"GG -T",0
"GT -T",0
"T- -T",0
"TA -T",0
"TC -T",0
"TG -T",0
"TT -T",0
"-- A-",0
"-A A-",0
"-C A-",0
"-G A-",0
"-T A-",0
"A- A-",0
"AA A-",0
"AC A-",0
"AG A-",0
"AT A-",0
"C- A-",0
"CA A-",0
"CC A-",11
"CG A-",0
"CT A-",9
"G- A-",0
"GA A-",0
"GC A-",26
"GG A-",14
"GT A-",10
"T- A-",0
"TA A-",0
"TC A-",5
"TG A-",0
"TT A-",8
"-- AA",37
"-A AA",0
"-C AA",0
"-G AA",0
"-T AA",0
"A- AA",0
"AA AA",0
"AC AA",0
"AG AA",0
"AT AA",0
"C- AA",11
"CA AA",0
"CC AA",40
"CG AA",42
"CT AA",29
"G- AA",13
"GA AA",0
"GC AA",65
"GG AA",46
"GT AA",23
"T- AA",8
"TA AA",0
"TC AA",19
"TG AA",37
"TT AA",36
"-- AC",28
"-A AC",0
"-C AC",0
"-G AC",0
"-T AC",27
"A- AC",0
"AA AC",0
"AC AC",0
"AG AC",0
"AT AC",0
"C- AC",0
"CA AC",29
"CC AC",0
"CG AC",23
"CT AC",31
"G- AC",8
"GA AC",34
"GC AC",0
"GG AC",29
"GT AC",44
"T- AC",0
"TA AC",11
"TC AC",0
"TG AC",24
"TT AC",28
"-- AG",20
"-A AG",0
"-C AG",0
"-G AG",0
"-T AG",0
"A- AG",0
"AA AG",0
"AC AG",0
"AG AG",0
"AT AG",0
"C- AG",3
"CA AG",33
"CC AG",21
"CG AG",0
"CT AG",15
"G- AG",0
"GA AG",24
"GC AG",39
"GG AG",0
"GT AG",27
"T- AG",3
"TA AG",10
"TC AG",9
"TG AG",0
"TT AG",23
"-- AT",36
"-A AT",0
"-C AT",21
"-G AT",0
"-T AT",0
"A- AT",0
"AA AT",0
"AC AT",0
"AG AT",0
"AT AT",0
"C- AT",0
"CA AT",35
"CC AT",40
"CG AT",27
"CT AT",0
"G- AT",12
"GA AT",34
"GC AT",52
"GG AT",19
"GT AT",0
"T- AT",0
"TA AT",12
"TC AT",30
"TG AT",27
"TT AT",0
"-- C-",0
"-A C-",0
"-C C-",0
"-G C-",0
"-T C-",0
"A- C-",0
"AA C-",5
"AC C-",0
"AG C-",5
"AT C-",0
"C- C-",0
"CA C-",0
"CC C-",0
"CG C-",0
"CT C-",0
"G- C-",0
"GA C-",5
"GC C-",0
"GG C-",10
"GT C-",0
"T- C-",0
"TA C-",13
"TC C-",0
"TG C-",13
"TT C-",18
"-- CA",27
"-A CA",0
"-C CA",0
"-G CA",21
"-T CA",0
"A- CA",0
"AA CA",0
"AC CA",19
"AG CA",27
"AT CA",22
"C- CA",0
"CA CA",0
"CC CA",0
"CG CA",0
"CT CA",0
"G- CA",0
"GA CA",0
"GC CA",33
"GG CA",28
"GT CA",22
"T- CA",17
"TA CA",0
"TC CA",29
"TG CA",41
"TT CA",48
"-- CC",33
"-A CC",0
"-C CC",0
"-G CC",0
"-T CC",0
"A- CC",8
"AA CC",40
"AC CC",0
"AG CC",17
"AT CC",49
"C- CC",0
"CA CC",0
"CC CC",0
"CG CC",0
"CT CC",0
"G- CC",10
"GA CC",18
"GC CC",0
"GG CC",17
"GT CC",31
"T- CC",20
"TA CC",25
"TC CC",0
"TG CC",38
"TT CC",53
"-- CG",35
"-A CG",25
"-C CG",0
"-G CG",0
"-T CG",0
"A- CG",0
"AA CG",58
"AC CG",35
"AG CG",0
"AT CG",45
"C- CG",0
"CA CG",0
"CC CG",0
"CG CG",0
"CT CG",0
"G- CG",0
"GA CG",47
"GC CG",32
"GG CG",0
"GT CG",31
"T- CG",19
"TA CG",52
"TC CG",39
"TG CG",0
"TT CG",59
"-- CT",20
"-A CT",0
"-C CT",0
"-G CT",0
"-T CT",0
"A- CT",6
"AA CT",20
"AC CT",21
"AG CT",24
"AT CT",0
"C- CT",0
"CA CT",0
"CC CT",0
"CG CT",0
"CT CT",0
"G- CT",2
"GA CT",17
"GC CT",47
"GG CT",15
"GT CT",0
"T- CT",0
"TA CT",19
"TC CT",34
"TG CT",27
"TT CT",0
"-- G-",0
"-A G-",0
"-C G-",0
"-G G-",0
"-T G-",0
"A- G-",0
"AA G-",20
"AC G-",10
"AG G-",0
"AT G-",18
"C- G-",0
"CA G-",0
"CC G-",5
"CG G-",0
"CT G-",10
"G- G-",0
"GA G-",0
"GC G-",0
"GG G-",0
"GT G-",0
"T- G-",0
"TA G-",0
"TC G-",13
"TG G-",0
"TT G-",15
"-- GA",23
"-A GA",0
"-C GA",0
"-G GA",0
"-T GA",0
"A- GA",0
"AA GA",0
"AC GA",25
"AG GA",37
"AT GA",35
"C- GA",11
"CA GA",0
"CC GA",28
"CG GA",35
"CT GA",20
"G- GA",0
"GA GA",0
"GC GA",0
"GG GA",0
"GT GA",0
"T- GA",6
"TA GA",0
"TC GA",16
"TG GA",29
"TT GA",22
"-- GC",34
"-A GC",0
"-C GC",0
"-G GC",0
"-T GC",20
"A- GC",19
"AA GC",61
"AC GC",0
"AG GC",47
"AT GC",78
"C- GC",0
"CA GC",44
"CC GC",0
"CG GC",34
"CT GC",45
"G- GC",0
"GA GC",0
"GC GC",0
"GG GC",0
"GT GC",0
"T- GC",0
"TA GC",28
"TC GC",0
"TG GC",31
"TT GC",49
"-- GG",28
"-A GG",0
"-C GG",0
"-G GG",0
"-T GG",0
"A- GG",13
"AA GG",52
"AC GG",29
"AG GG",0
"AT GG",34
"C- GG",8
"CA GG",41
"CC GG",22
"CG GG",0
"CT GG",23
"G- GG",0
"GA GG",0
"GC GG",0
"GG GG",0
"GT GG",0
"T- GG",9
"TA GG",28
"TC GG",18
"TG GG",0
"TT GG",23
"-- GT",22
"-A GT",0
"-C GT",12
"-G GT",0
"-T GT",0
"A- GT",12
"AA GT",33
"AC GT",39
"AG GT",24
"AT GT",0
"C- GT",0
"CA GT",27
"CC GT",39
"CG GT",21
"CT GT",0
"G- GT",0
"GA GT",0
"GC GT",0
"GG GT",0
"GT GT",0
"T- GT",0
"TA GT",9
"TC GT",24
"TG GT",21
"TT GT",0
"-- T-",0
"-A T-",0
"-C T-",0
"-G T-",0
"-T T-",0
"A- T-",0
"AA T-",8
"AC T-",0
"AG T-",3
"AT T-",0
"C- T-",0
"CA T-",18
"CC T-",12
"CG T-",16
"CT T-",0
"G- T-",0
"GA T-",4
"GC T-",0
"GG T-",11
"GT T-",0
"T- T-",0
"TA T-",0
"TC T-",0
"TG T-",0
"TT T-",0
"-- TA",19
"-A TA",0
"-C TA",0
"-G TA",13
"-T TA",0
"A- TA",0
"AA TA",0
"AC TA",10
"AG TA",15
"AT TA",19
"C- TA",8
"CA TA",0
"CC TA",17
"CG TA",43
"CT TA",21
"G- TA",0
"GA TA",0
"GC TA",21
"GG TA",37
"GT TA",11
"T- TA",0
"TA TA",0
"TC TA",0
"TG TA",0
"TT TA",0
"-- TC",28
"-A TC",0
"-C TC",0
"-G TC",0
"-T TC",0
"A- TC",5
"AA TC",25
"AC TC",0
"AG TC",13
"AT TC",33
"C- TC",0
"CA TC",37
"CC TC",0
"CG TC",32
"CT TC",37
"G- TC",8
"GA TC",21
"GC TC",0
"GG TC",25
"GT TC",27
"T- TC",0
"TA TC",0
"TC TC",0
"TG TC",0
"TT TC",0
"-- TG",26
"-A TG",15
"-C TG",0
"-G TG",0
"-T TG",0
"A- TG",0
"AA TG",38
"AC TG",19
"AG TG",0
"AT TG",31
"C- TG",13
"CA TG",48
"CC TG",29
"CG TG",0
"CT TG",26
"G- TG",0
"GA TG",38
"GC TG",40
"GG TG",0
"GT TG",31
"T- TG",0
"TA TG",0
"TC TG",0
"TG TG",0
"TT TG",0
"-- TT",30
"-A TT",0
"-C TT",0
"-G TT",0
"-T TT",0
"A- TT",11
"AA TT",29
"AC TT",32
"AG TT",21
"AT TT",0
"C- TT",12
"CA TT",47
"CC TT",47
"CG TT",37
"CT TT",0
"G- TT",7
"GA TT",22
"GC TT",53
"GG TT",25
"GT TT",0
"T- TT",0
"TA TT",0
"TC TT",0
"TG TT",0
"TT TT",0
